,Vsa.trajanja.projekta..2..modifikacija.,Vse.variance.projekta..2..modifikacija.,Povprecno.trajanje.projekta..2..modifikacija.,Povprecna.varianca.projekta..2..modifikacija.,Vzorec.najverjetnejših.trajanj.opravil.za.2..modifikacijo.1,Vzorec.najverjetnejših.trajanj.opravil.za.2..modifikacijo.2,Vzorec.najverjetnejših.trajanj.opravil.za.2..modifikacijo.3,Vzorec.najverjetnejših.trajanj.opravil.za.2..modifikacijo.4,Vzorec.najverjetnejših.trajanj.opravil.za.2..modifikacijo.5,Vzorec.najverjetnejših.trajanj.opravil.za.2..modifikacijo.6,Vzorec.najverjetnejših.trajanj.opravil.za.2..modifikacijo.7,Vzorec.najverjetnejših.trajanj.opravil.za.2..modifikacijo.8,Vzorec.najverjetnejših.trajanj.opravil.za.2..modifikacijo.9,Vzorec.najverjetnejših.trajanj.opravil.za.2..modifikacijo.10,Vzorec.najverjetnejših.trajanj.opravil.za.2..modifikacijo.11,Vzorec.najverjetnejših.trajanj.opravil.za.2..modifikacijo.12,Vzorec.najverjetnejših.trajanj.opravil.za.2..modifikacijo.13,Vzorec.najverjetnejših.trajanj.opravil.za.2..modifikacijo.14,Vzorec.najverjetnejših.trajanj.opravil.za.2..modifikacijo.15,Vzorec.najverjetnejših.trajanj.opravil.za.2..modifikacijo.16,Vzorec.najverjetnejših.trajanj.opravil.za.2..modifikacijo.17,Vzorec.najverjetnejših.trajanj.opravil.za.2..modifikacijo.18,Vzorec.najverjetnejših.trajanj.opravil.za.2..modifikacijo.19,Vzorec.najverjetnejših.trajanj.opravil.za.2..modifikacijo.20,Vzorec.najverjetnejših.trajanj.opravil.za.2..modifikacijo.21,Vzorec.najverjetnejših.trajanj.opravil.za.2..modifikacijo.22,Vzorec.najverjetnejših.trajanj.opravil.za.2..modifikacijo.23,Vzorec.najverjetnejših.trajanj.opravil.za.2..modifikacijo.24,Vzorec.najverjetnejših.trajanj.opravil.za.2..modifikacijo.25,Vzorec.najverjetnejših.trajanj.opravil.za.2..modifikacijo.26,Vzorec.najverjetnejših.trajanj.opravil.za.2..modifikacijo.27,Vzorec.najverjetnejših.trajanj.opravil.za.2..modifikacijo.28,Vzorec.najverjetnejših.trajanj.opravil.za.2..modifikacijo.29,Vzorec.najverjetnejših.trajanj.opravil.za.2..modifikacijo.30,Vzorec.najverjetnejših.trajanj.opravil.za.2..modifikacijo.31,Vzorec.najverjetnejših.trajanj.opravil.za.2..modifikacijo.32,Vzorec.najverjetnejših.trajanj.opravil.za.2..modifikacijo.33,Vzorec.najverjetnejših.trajanj.opravil.za.2..modifikacijo.34,Vzorec.najverjetnejših.trajanj.opravil.za.2..modifikacijo.35,Vzorec.najverjetnejših.trajanj.opravil.za.2..modifikacijo.36,Vzorec.najverjetnejših.trajanj.opravil.za.2..modifikacijo.37,Vzorec.najverjetnejših.trajanj.opravil.za.2..modifikacijo.38,Vzorec.najverjetnejših.trajanj.opravil.za.2..modifikacijo.39,Vzorec.najverjetnejših.trajanj.opravil.za.2..modifikacijo.40,Vzorec.najverjetnejših.trajanj.opravil.za.2..modifikacijo.41,Vzorec.najverjetnejših.trajanj.opravil.za.2..modifikacijo.42,Vzorec.najverjetnejših.trajanj.opravil.za.2..modifikacijo.43,Vzorec.najverjetnejših.trajanj.opravil.za.2..modifikacijo.44,Vzorec.najverjetnejših.trajanj.opravil.za.2..modifikacijo.45,Vzorec.najverjetnejših.trajanj.opravil.za.2..modifikacijo.46,Vzorec.najverjetnejših.trajanj.opravil.za.2..modifikacijo.47,Vzorec.najverjetnejših.trajanj.opravil.za.2..modifikacijo.48,Vzorec.najverjetnejših.trajanj.opravil.za.2..modifikacijo.49,Vzorec.najverjetnejših.trajanj.opravil.za.2..modifikacijo.50,Vzorec.najverjetnejših.trajanj.opravil.za.2..modifikacijo.51,Vzorec.najverjetnejših.trajanj.opravil.za.2..modifikacijo.52,Vzorec.najverjetnejših.trajanj.opravil.za.2..modifikacijo.53,Vzorec.najverjetnejših.trajanj.opravil.za.2..modifikacijo.54,Vzorec.najverjetnejših.trajanj.opravil.za.2..modifikacijo.55,Vzorec.najverjetnejših.trajanj.opravil.za.2..modifikacijo.56,Vzorec.najverjetnejših.trajanj.opravil.za.2..modifikacijo.57,Vzorec.najverjetnejših.trajanj.opravil.za.2..modifikacijo.58,Vzorec.najverjetnejših.trajanj.opravil.za.2..modifikacijo.59,Vzorec.najverjetnejših.trajanj.opravil.za.2..modifikacijo.60,Vzorec.najverjetnejših.trajanj.opravil.za.2..modifikacijo.61,Vzorec.najverjetnejših.trajanj.opravil.za.2..modifikacijo.62,Vzorec.najverjetnejših.trajanj.opravil.za.2..modifikacijo.63,Vzorec.najverjetnejših.trajanj.opravil.za.2..modifikacijo.64,Vzorec.najverjetnejših.trajanj.opravil.za.2..modifikacijo.65,Vzorec.najverjetnejših.trajanj.opravil.za.2..modifikacijo.66,Vzorec.najverjetnejših.trajanj.opravil.za.2..modifikacijo.67,Vzorec.najverjetnejših.trajanj.opravil.za.2..modifikacijo.68,Vzorec.najverjetnejših.trajanj.opravil.za.2..modifikacijo.69,Vzorec.najverjetnejših.trajanj.opravil.za.2..modifikacijo.70,Vzorec.najverjetnejših.trajanj.opravil.za.2..modifikacijo.71,Vzorec.najverjetnejših.trajanj.opravil.za.2..modifikacijo.72,Vzorec.najverjetnejših.trajanj.opravil.za.2..modifikacijo.73,Vzorec.najverjetnejših.trajanj.opravil.za.2..modifikacijo.74,Vzorec.najverjetnejših.trajanj.opravil.za.2..modifikacijo.75,Vzorec.najverjetnejših.trajanj.opravil.za.2..modifikacijo.76,Vzorec.najverjetnejših.trajanj.opravil.za.2..modifikacijo.77,Vzorec.najverjetnejših.trajanj.opravil.za.2..modifikacijo.78,Vzorec.najverjetnejših.trajanj.opravil.za.2..modifikacijo.79,Vzorec.najverjetnejših.trajanj.opravil.za.2..modifikacijo.80,Vzorec.najverjetnejših.trajanj.opravil.za.2..modifikacijo.81,Vzorec.najverjetnejših.trajanj.opravil.za.2..modifikacijo.82,Vzorec.najverjetnejših.trajanj.opravil.za.2..modifikacijo.83,Vzorec.najverjetnejših.trajanj.opravil.za.2..modifikacijo.84,Vzorec.najverjetnejših.trajanj.opravil.za.2..modifikacijo.85,Vzorec.najverjetnejših.trajanj.opravil.za.2..modifikacijo.86,Vzorec.najverjetnejših.trajanj.opravil.za.2..modifikacijo.87,Vzorec.najverjetnejših.trajanj.opravil.za.2..modifikacijo.88,Vzorec.najverjetnejših.trajanj.opravil.za.2..modifikacijo.89,Vzorec.najverjetnejših.trajanj.opravil.za.2..modifikacijo.90,Vzorec.najverjetnejših.trajanj.opravil.za.2..modifikacijo.91,Vzorec.najverjetnejših.trajanj.opravil.za.2..modifikacijo.92,Vzorec.najverjetnejših.trajanj.opravil.za.2..modifikacijo.93,Vzorec.najverjetnejših.trajanj.opravil.za.2..modifikacijo.94,Vzorec.najverjetnejših.trajanj.opravil.za.2..modifikacijo.95,Vzorec.najverjetnejših.trajanj.opravil.za.2..modifikacijo.96,Vzorec.najverjetnejših.trajanj.opravil.za.2..modifikacijo.97,Vzorec.najverjetnejših.trajanj.opravil.za.2..modifikacijo.98,Vzorec.najverjetnejših.trajanj.opravil.za.2..modifikacijo.99,Vzorec.najverjetnejših.trajanj.opravil.za.2..modifikacijo.100,Vzorec.varianc.opravil.za.2..modifikacijo.1,Vzorec.varianc.opravil.za.2..modifikacijo.2,Vzorec.varianc.opravil.za.2..modifikacijo.3,Vzorec.varianc.opravil.za.2..modifikacijo.4,Vzorec.varianc.opravil.za.2..modifikacijo.5,Vzorec.varianc.opravil.za.2..modifikacijo.6,Vzorec.varianc.opravil.za.2..modifikacijo.7,Vzorec.varianc.opravil.za.2..modifikacijo.8,Vzorec.varianc.opravil.za.2..modifikacijo.9,Vzorec.varianc.opravil.za.2..modifikacijo.10,Vzorec.varianc.opravil.za.2..modifikacijo.11,Vzorec.varianc.opravil.za.2..modifikacijo.12,Vzorec.varianc.opravil.za.2..modifikacijo.13,Vzorec.varianc.opravil.za.2..modifikacijo.14,Vzorec.varianc.opravil.za.2..modifikacijo.15,Vzorec.varianc.opravil.za.2..modifikacijo.16,Vzorec.varianc.opravil.za.2..modifikacijo.17,Vzorec.varianc.opravil.za.2..modifikacijo.18,Vzorec.varianc.opravil.za.2..modifikacijo.19,Vzorec.varianc.opravil.za.2..modifikacijo.20,Vzorec.varianc.opravil.za.2..modifikacijo.21,Vzorec.varianc.opravil.za.2..modifikacijo.22,Vzorec.varianc.opravil.za.2..modifikacijo.23,Vzorec.varianc.opravil.za.2..modifikacijo.24,Vzorec.varianc.opravil.za.2..modifikacijo.25,Vzorec.varianc.opravil.za.2..modifikacijo.26,Vzorec.varianc.opravil.za.2..modifikacijo.27,Vzorec.varianc.opravil.za.2..modifikacijo.28,Vzorec.varianc.opravil.za.2..modifikacijo.29,Vzorec.varianc.opravil.za.2..modifikacijo.30,Vzorec.varianc.opravil.za.2..modifikacijo.31,Vzorec.varianc.opravil.za.2..modifikacijo.32,Vzorec.varianc.opravil.za.2..modifikacijo.33,Vzorec.varianc.opravil.za.2..modifikacijo.34,Vzorec.varianc.opravil.za.2..modifikacijo.35,Vzorec.varianc.opravil.za.2..modifikacijo.36,Vzorec.varianc.opravil.za.2..modifikacijo.37,Vzorec.varianc.opravil.za.2..modifikacijo.38,Vzorec.varianc.opravil.za.2..modifikacijo.39,Vzorec.varianc.opravil.za.2..modifikacijo.40,Vzorec.varianc.opravil.za.2..modifikacijo.41,Vzorec.varianc.opravil.za.2..modifikacijo.42,Vzorec.varianc.opravil.za.2..modifikacijo.43,Vzorec.varianc.opravil.za.2..modifikacijo.44,Vzorec.varianc.opravil.za.2..modifikacijo.45,Vzorec.varianc.opravil.za.2..modifikacijo.46,Vzorec.varianc.opravil.za.2..modifikacijo.47,Vzorec.varianc.opravil.za.2..modifikacijo.48,Vzorec.varianc.opravil.za.2..modifikacijo.49,Vzorec.varianc.opravil.za.2..modifikacijo.50,Vzorec.varianc.opravil.za.2..modifikacijo.51,Vzorec.varianc.opravil.za.2..modifikacijo.52,Vzorec.varianc.opravil.za.2..modifikacijo.53,Vzorec.varianc.opravil.za.2..modifikacijo.54,Vzorec.varianc.opravil.za.2..modifikacijo.55,Vzorec.varianc.opravil.za.2..modifikacijo.56,Vzorec.varianc.opravil.za.2..modifikacijo.57,Vzorec.varianc.opravil.za.2..modifikacijo.58,Vzorec.varianc.opravil.za.2..modifikacijo.59,Vzorec.varianc.opravil.za.2..modifikacijo.60,Vzorec.varianc.opravil.za.2..modifikacijo.61,Vzorec.varianc.opravil.za.2..modifikacijo.62,Vzorec.varianc.opravil.za.2..modifikacijo.63,Vzorec.varianc.opravil.za.2..modifikacijo.64,Vzorec.varianc.opravil.za.2..modifikacijo.65,Vzorec.varianc.opravil.za.2..modifikacijo.66,Vzorec.varianc.opravil.za.2..modifikacijo.67,Vzorec.varianc.opravil.za.2..modifikacijo.68,Vzorec.varianc.opravil.za.2..modifikacijo.69,Vzorec.varianc.opravil.za.2..modifikacijo.70,Vzorec.varianc.opravil.za.2..modifikacijo.71,Vzorec.varianc.opravil.za.2..modifikacijo.72,Vzorec.varianc.opravil.za.2..modifikacijo.73,Vzorec.varianc.opravil.za.2..modifikacijo.74,Vzorec.varianc.opravil.za.2..modifikacijo.75,Vzorec.varianc.opravil.za.2..modifikacijo.76,Vzorec.varianc.opravil.za.2..modifikacijo.77,Vzorec.varianc.opravil.za.2..modifikacijo.78,Vzorec.varianc.opravil.za.2..modifikacijo.79,Vzorec.varianc.opravil.za.2..modifikacijo.80,Vzorec.varianc.opravil.za.2..modifikacijo.81,Vzorec.varianc.opravil.za.2..modifikacijo.82,Vzorec.varianc.opravil.za.2..modifikacijo.83,Vzorec.varianc.opravil.za.2..modifikacijo.84,Vzorec.varianc.opravil.za.2..modifikacijo.85,Vzorec.varianc.opravil.za.2..modifikacijo.86,Vzorec.varianc.opravil.za.2..modifikacijo.87,Vzorec.varianc.opravil.za.2..modifikacijo.88,Vzorec.varianc.opravil.za.2..modifikacijo.89,Vzorec.varianc.opravil.za.2..modifikacijo.90,Vzorec.varianc.opravil.za.2..modifikacijo.91,Vzorec.varianc.opravil.za.2..modifikacijo.92,Vzorec.varianc.opravil.za.2..modifikacijo.93,Vzorec.varianc.opravil.za.2..modifikacijo.94,Vzorec.varianc.opravil.za.2..modifikacijo.95,Vzorec.varianc.opravil.za.2..modifikacijo.96,Vzorec.varianc.opravil.za.2..modifikacijo.97,Vzorec.varianc.opravil.za.2..modifikacijo.98,Vzorec.varianc.opravil.za.2..modifikacijo.99,Vzorec.varianc.opravil.za.2..modifikacijo.100
1,61.28840428,29.09622497,57.96592782,29.9401222,10.72262958,10.00214015,13.80491181,11.26211646,12.81043112,13.42303692,13.30490586,11.99306272,11.7925086,10.73422175,11.43812813,12.9479003,13.35940253,11.03165628,12.94709659,11.14106637,12.76717275,11.20878921,11.18728007,11.39497035,11.13559907,13.28568677,10.64642663,11.53871069,11.19338561,13.12874204,13.0251903,10.12442238,12.84203201,12.91386736,11.79102986,13.77965963,11.56300661,12.55141814,13.31554451,13.20331908,9.692336452,11.81119731,10.76622596,10.14184048,12.58883232,13.44795006,10.64065737,13.7941516,9.432426161,12.18187475,10.76021598,11.90040722,13.75856949,10.11484618,13.2909652,13.724235,12.08778331,10.97942158,11.59393727,13.09632245,12.64503437,12.13179076,11.16410514,12.82969376,13.15478605,12.36443771,11.83448892,11.3490457,12.32754409,11.70636075,11.77612606,11.34417394,11.22320722,9.74407561,11.87242946,12.93585229,9.194759679,11.232177,10.40844635,11.33193055,12.98182332,10.71660659,11.99821184,10.39974322,13.52092257,12.43794099,11.0026811,12.57452172,11.71332566,13.09607522,9.287246902,10.56508504,11.06746776,9.174400481,11.42954611,11.40479776,11.98513565,13.05094864,10.26516073,10.83528566,10.78557442,12.16678598,10.58739868,10.38855168,1.663670747,1.429487983,0.991054508,1.741915918,1.504681467,1.221704146,1.284616405,1.71526988,1.73777696,1.66622624,1.749453125,1.450512105,1.256088888,1.71866488,1.450844495,1.731595235,1.520610461,1.737885182,1.736029463,1.74842411,1.73103028,1.294474681,1.645916072,1.749785926,1.736569659,1.371028481,1.417684935,1.479683745,1.492707154,1.464425584,1.737900231,1.007593141,1.749432881,1.592074271,1.27911402,1.335529161,1.283193214,1.736165176,1.673082237,1.486486103,1.580634884,1.207927222,1.64450432,0.998124064,1.139305489,1.683578117,1.671817086,1.727096294,1.021266267,1.475906987,1.291777664,1.043254097,1.700644397,1.711285444,1.748739398,1.385964946,1.562699471,1.692977204,1.733882092,1.497416357,1.358811877,1.643249636,1.734016738,1.746744686,1.652167254,1.743916463,1.739107771,1.746531177,1.739055108,1.309532791,1.730185185,1.455475459,0.990838152,1.739752977,1.579787234,1.745964666,1.436314234,1.662327823,1.714540709,1.577062145,1.166553136,1.624323814,1.714667702,1.585057583,1.74349888,1.3860777,1.050531961,1.62513343,1.723273694,0.977369554,1.749290893,1.748705219,1.716377629,1.406365472,1.532167425,1.686879263,1.677085156,1.686485208,1.631022691,1.573526089
2,52.75071718,30.37649183,,,13.21786834,12.39004148,11.94866676,15.02775664,17.08952762,15.51296665,12.25443419,18.81253612,15.90058849,10.82772349,15.20986684,14.62650087,13.48764443,13.73976188,16.02337547,17.75394818,16.75377739,14.71085247,13.26292259,12.7112911,12.14046894,11.20442164,15.60480288,12.72270359,14.80643704,17.81943342,12.73205461,12.07856024,14.2338206,11.27196208,13.38735156,12.8307707,16.66121665,12.33352882,14.52560482,12.50462897,12.49513371,17.30460399,14.25502505,13.34941083,12.09254635,14.23688445,13.89858451,10.85754788,13.60100041,15.82961296,14.63266955,14.80007379,17.1366295,17.55148911,13.98409478,13.79151607,14.08726951,10.97968495,18.80346889,17.59710078,11.44200226,13.81785042,14.57708365,12.17122584,18.41145595,13.04551821,12.56900526,14.73061315,12.63104579,18.28914855,15.60038324,13.38915756,14.9658401,14.21307342,15.06978666,16.21327933,15.82865439,17.99604396,13.23879589,15.38228668,12.27163678,16.08520338,16.72598474,10.88093545,10.9324435,15.6303889,13.666589,14.46313637,11.32426818,17.66696381,17.84218794,15.78601172,14.83299355,11.42230461,18.06831557,15.84303702,14.44717775,16.17424506,14.84107825,14.87219146,16.30670504,13.34807279,11.75507368,16.45310855,5.800876914,5.399725005,5.105814102,5.995924704,5.077763817,5.889128367,5.315347739,3.378861747,5.755478839,4.109197894,5.96372701,6.033428218,5.889305172,5.953148286,5.704189596,4.523117322,5.31006964,6.029363034,5.817091355,5.578645783,5.240373314,4.484166186,5.86134437,5.584459641,6.022299477,4.461623108,5.589195585,5.198089924,6.025592647,4.547110169,5.858859064,5.63766765,5.36844894,5.365200372,6.035620628,5.46692778,5.461501593,4.912028066,6.027141039,5.84659208,5.207738129,6.025824315,5.984042772,4.140363222,5.920257105,5.78316134,6.033199827,6.022850817,5.042597839,4.705487743,5.997691686,5.964007216,6.011379078,4.265340275,3.390022213,4.665423825,4.699807121,5.969238851,6.034865444,5.260972988,3.850073193,5.733497533,5.503037043,6.028116797,5.53671574,3.984621894,5.862736676,5.859432725,6.004713286,6.023953305,5.989334737,5.616381991,5.783525358,4.289668091,5.808480598,5.924510031,5.326342481,5.676732891,5.327855993,4.164624544,4.217505807,5.853174418,5.936489443,6.035520153,4.594961056,4.602905743,4.439968541,5.79945341,6.019873614,4.682541588,4.216731997,5.778035938,6.035315687,5.635271928,6.01909509,6.015924788,5.569402417,5.846151959,4.959339927,5.490766711
3,52.6666255,28.79664981,,,16.49133293,19.39990635,18.38631021,16.44686896,16.10326473,15.47409234,13.93121539,14.08931639,14.35072672,17.76439382,14.4668389,20.23108769,15.46590128,11.31180412,12.79461296,13.64216109,14.90587963,17.09305045,17.15094451,13.7742801,14.06337128,19.6902739,13.88248795,15.4462746,20.10971148,14.31665556,15.27141817,13.83464182,17.5591288,16.00423787,17.56018073,16.76791336,13.76842593,18.65553374,14.30852473,18.93401677,19.2900629,18.3396841,16.32689651,20.42175269,15.44483916,19.71305894,14.73472399,15.51270689,17.46722276,19.01780395,10.52336114,15.14171562,19.53356291,13.06454613,18.17924191,10.58239637,13.72488386,13.62666491,19.81587259,10.62648055,13.30972711,13.27929438,14.63679576,16.60859988,18.63016049,16.64039295,14.63130145,13.35270637,15.78621621,18.29931034,11.07037163,15.06136715,19.32202482,15.48626409,15.51889308,14.01545091,15.69367438,16.61313759,15.39991041,15.41637614,15.90405199,11.38977863,17.01537755,18.93063225,16.77244997,13.73889693,17.47810586,17.17714055,12.44315888,12.94470641,15.07602705,16.58642135,16.11709313,11.3619551,14.25497783,15.04855948,17.16833934,12.55643628,11.11123312,15.47720481,12.41796739,17.26540285,18.47096018,18.16372563,7.895322719,5.862961499,6.845601907,7.907634169,7.983724523,8.035618399,7.68413069,7.751424537,7.84702442,7.303217231,7.88322545,4.838115614,8.035548182,5.52985932,6.990125849,7.542633512,7.985288712,7.673170037,7.646340319,7.61027012,7.740871131,5.527372092,7.661950681,8.03530194,5.000080007,7.835670849,8.028250049,7.639511734,7.42999837,7.999392024,7.429379339,7.80605653,7.607378747,6.613229541,7.832912384,6.351075548,5.98363189,6.883742031,7.938034595,4.575192925,8.035279612,5.500019191,7.952050375,8.035691219,7.482862088,6.267865056,4.497580802,8.017376043,5.711481461,7.18836635,7.010237539,4.58102493,7.585566099,7.534373663,5.374749118,4.642686876,7.350386378,7.331209508,7.929268349,7.860143758,6.636013611,7.849929132,7.927908975,7.377018583,8.024011468,6.916265945,5.232627499,8.008228746,5.948875184,8.035687332,8.035663293,7.720873428,8.030355748,7.858703529,8.034283153,8.034715293,8.012391713,5.62229719,7.707661554,6.354394619,7.804410154,7.592645137,7.476728171,7.633885653,6.700817483,7.102924951,8.010035277,7.867098377,7.981313724,5.58951206,7.814274256,8.006600208,7.638091978,6.797918943,5.284103608,8.035640054,6.678724998,7.590478971,6.774770801,7.022080821
4,54.94494066,28.86478826,,,12.86609328,10.63800825,9.049285982,9.387833361,13.25992198,9.934956674,14.8206754,12.50213932,17.35337517,15.61529613,17.15829953,11.78474751,9.50502534,14.20368405,14.18582909,11.33458908,15.17197541,12.58922189,13.69802978,13.96422005,10.71158968,15.89576612,11.76212413,18.0289664,11.11918571,11.93875887,13.22489684,9.413336493,11.23548612,11.9835365,11.09323481,13.19310008,15.65509654,14.28935657,15.7212598,13.17391398,17.11983007,11.87716788,16.10273914,11.38136108,15.1730905,13.90890075,11.51364421,13.88174869,12.6852316,9.813139873,13.75637823,15.41757922,15.17192562,9.878543122,13.57322303,12.61030108,8.907947795,16.16747214,10.56278686,16.10097984,17.73071754,8.765111971,8.106711041,16.44202867,12.46770302,12.3013041,13.90568346,17.29488905,11.35304186,13.47378635,14.0177175,16.60925698,11.7560437,15.67691376,16.68047801,15.72533209,12.08727629,8.391011249,11.82017488,11.62285324,10.73282688,16.32109917,13.8099005,11.53235666,13.87523052,17.799321,13.90296569,12.87373955,11.25833122,13.35681956,8.178647831,10.02939297,15.36068244,8.702827961,9.531632278,10.89043998,8.293479078,11.17726798,16.62004163,14.52451662,12.33685315,16.28006927,13.67268592,9.708976011,9.14029557,8.345856423,6.913122679,7.278893168,9.133205795,7.800787059,8.669305869,9.10744782,6.43544637,8.165746594,6.672649289,8.931880198,7.397878876,8.935877816,8.941972768,8.746629493,8.468931833,9.11875162,9.073250633,9.010039957,8.394739743,7.944934079,8.923951906,5.529928131,8.637505374,8.981966753,9.13563163,7.305120698,8.698070108,8.995257422,8.623463788,9.137530337,8.135780334,8.905365661,8.084963586,9.138536275,6.718142886,8.962749718,7.767572836,8.76857258,8.468239668,9.024842776,8.827249496,9.031788465,9.128702979,7.691988933,9.061127426,8.307901529,8.468962727,7.750929566,9.09591648,9.121162108,6.750729822,7.709588605,8.294284587,7.769132006,5.9457588,6.580817627,5.722246166,7.450348376,9.10237999,9.073117719,9.02567678,6.50770401,8.755361269,9.110789499,8.994893012,7.281894866,8.921796102,8.119161815,7.207725945,8.081795003,9.023847919,6.10817467,8.944001811,8.87192383,8.408560865,7.567185758,9.049151598,8.835146148,9.033424505,5.852359707,9.026378994,9.140579757,8.709512839,9.124668543,5.822080466,7.882213411,8.346739772,6.504901781,7.424346478,8.507108074,5.978380115,8.668235426,7.270756947,8.810835584,9.080033752,7.605877942,9.078213379,7.595594443
5,64.89416591,31.48359223,,,10.04144154,10.25809561,9.926489021,9.492885044,10.90349616,5.594115421,9.403596407,7.76871161,9.167605886,9.200717762,11.62078659,6.261527768,8.990478177,10.44205683,8.840739865,7.706916835,8.862165749,7.869083394,8.908074109,8.686650642,6.642271782,10.32336101,10.80195367,12.31481349,7.409758362,9.371005258,11.01170832,7.443555838,5.473643232,12.52319568,7.237474825,7.221978094,11.48648666,5.74231191,10.54725628,11.47129199,9.004368231,6.684980798,12.2340825,6.41739874,10.36251995,10.41727123,8.671670631,5.79539698,6.727638698,5.503900267,10.15474161,6.747243729,8.162197197,10.25513081,11.53841675,8.676289956,11.36020383,5.921620608,6.545243184,9.649291473,11.55644949,10.15996011,9.101593873,12.06190174,9.298386713,8.676407695,7.422374525,12.2945106,9.50236443,7.914415986,7.376147052,8.582268408,7.993465396,8.252888324,11.48674094,10.76281112,9.412573227,12.52954933,8.479545757,7.801660677,7.179965819,8.204890502,8.874515073,7.947698859,7.491136186,8.139824822,12.39669861,7.775182954,8.415168162,7.711413968,6.015621902,11.78472354,8.03305328,7.029317011,6.950592468,5.212327122,12.94698282,12.84767457,10.8387792,8.685954286,8.930113447,6.876554563,6.700815962,7.275640465,4.987914216,4.916742204,5.020231156,5.108152048,4.625243195,3.485707176,5.119587134,4.926275557,5.138844038,5.137101769,4.161639661,4.071538548,5.142844191,4.845781729,5.139233744,4.903990847,5.140143103,4.960146804,5.141649947,5.128830311,4.348731093,4.892673663,4.678994712,3.573144508,4.781590219,5.123193585,4.564718518,4.796783081,3.366401135,3.3695846,4.699072144,4.691234015,4.2596263,3.626781186,4.80085686,4.270387987,5.142854417,4.377240871,3.64867291,4.19002439,4.877648482,4.855906039,5.127457118,3.675788498,4.405196302,3.396755237,4.952367401,4.417869883,5.04258378,4.917806665,4.222348626,5.127887401,4.347062555,3.789082902,4.282024139,5.082631512,4.209223715,4.950641792,5.141382669,3.803536821,5.13013791,5.127898289,4.787299694,3.592314273,5.106804283,4.97450105,4.766157372,5.117928617,4.99812687,5.063117735,4.259445642,4.698928136,5.118540476,3.363183075,5.104161054,4.937711838,4.669639368,5.052542984,5.140607648,4.984666044,4.81761857,5.037156952,3.494634075,4.928546172,5.09399596,4.905649434,3.870498195,4.035044972,5.00928772,4.588058365,4.542846967,3.093362024,2.917332371,3.027914343,4.659841578,5.128767899,5.14215941,4.498711354,4.387678966,4.718083456
6,57.03907334,30.95618182,,,15.69398527,8.881569218,8.638073923,13.59401502,12.3066049,9.124357029,7.295168786,12.06580846,7.089325856,10.59258135,7.665027738,5.118044744,8.626835812,13.57858712,10.08436798,9.60043609,10.75680266,15.29727233,10.73677075,9.162689864,9.135184876,7.624682203,13.81222485,9.817439721,6.919236112,9.065550492,8.182229357,7.340173747,8.767514842,11.30450475,11.24759395,9.224696249,11.39053375,9.084519179,11.86512211,8.630746236,13.07293827,8.790695182,9.624596655,11.12277881,10.17311047,10.13865271,15.78219143,11.94626952,11.85911482,14.47434134,13.41483881,8.804327105,10.84310498,9.432728123,12.9513959,8.528314819,10.80762594,7.606262314,7.307366745,8.352298282,9.924005185,8.776978475,9.399650212,14.5130876,14.40947428,8.402782778,9.537531398,9.142316221,9.302672769,6.165473631,9.15514971,9.065277516,9.005927258,12.91989134,8.144883858,8.44704711,12.31993283,8.03268323,14.19107681,14.35218371,7.315783455,14.31811937,11.59014008,11.18600149,11.43022621,13.68400542,5.503515348,11.4435087,14.68564514,5.281889329,11.85868093,5.313876024,13.41434803,6.378881096,6.74920266,16.14040839,13.24343685,9.788516662,15.24684475,10.22044188,7.750786921,6.261794079,10.8436684,10.50659379,6.467502432,9.947240258,9.826175897,8.953867297,9.855168393,10.05108663,8.854150984,9.971177696,8.659614555,10.3202041,9.173276039,6.183508232,9.820179418,8.967471617,10.29675,10.2058264,10.31200748,7.03373974,10.31341994,10.06594309,10.05532567,9.140363938,8.754166652,10.25487307,8.489732854,10.02747923,9.553991321,8.89507115,9.892642168,10.22896744,10.24158618,10.08908576,10.20813566,10.03520201,10.05520595,9.822270052,9.375712667,9.904039577,10.21195271,10.26602094,10.30616332,10.30277545,6.335493378,10.02261493,10.05754385,8.064944418,9.107673528,9.910670491,10.30461128,10.15870439,9.462951166,9.766065364,10.30790947,9.125183172,8.865298986,9.662482476,10.27403285,9.897313832,10.14846148,8.020732557,8.138001551,9.693097132,10.18909346,10.05809925,10.11662964,7.637411594,10.06305396,10.02736734,10.00253523,9.484875127,9.529061137,9.719340633,9.8482635,9.451763994,8.375135997,8.201525813,8.872966428,8.238852069,10.15165637,10.25420028,10.19781131,8.873158494,6.75502016,10.1942559,7.818624964,6.431617289,10.05771231,6.479159729,9.108082221,7.895196998,8.311645616,5.776541889,9.246222036,10.24911307,7.102494988,10.31026389,9.241689635,7.755372939,10.304556,10.32142236
7,59.00539439,29.01483678,,,12.01245795,10.66710106,7.834361804,12.26527645,7.923454525,9.640042523,11.63341464,11.28884856,11.55721789,14.136646,9.479382029,12.32692775,11.98246742,12.19025525,10.02450578,14.03443245,8.08489476,10.99402682,13.23293012,8.459871944,10.62337656,10.32845977,12.73947958,11.87755483,9.723245963,10.32058489,8.417477768,11.72724289,11.38487743,9.066558316,12.3187149,10.16104308,13.20281128,10.7053901,13.43999706,11.61562464,8.421965165,9.412383201,12.86613304,10.80060417,10.52183147,10.00897097,10.57197687,11.48396891,10.59218849,10.70121601,13.09930705,10.96128539,9.005596981,9.736086903,9.998440548,10.65950964,11.93984626,10.33212006,11.12903011,9.079742665,9.468488166,10.80573051,8.254768643,14.26847207,10.43002134,8.774576767,14.13942548,12.13593643,8.030842396,12.40307257,12.74215608,12.39437209,10.95397491,14.1268315,14.19659427,8.158387746,10.78884257,9.826120528,11.59140654,10.40064381,10.97870639,8.521475315,12.39155465,13.85393609,12.50356277,11.32095718,9.545526982,8.528351526,9.227288974,9.267751005,14.22429957,10.46900303,11.50177426,12.04241705,8.285991243,9.864499394,10.48903592,11.31463594,12.57500694,10.83011495,9.779346189,7.867016143,10.26359164,13.68020579,3.424989842,3.555596899,2.139819259,3.342725073,2.219266849,3.307216523,3.51411227,3.559509501,3.527072603,2.165921694,3.241102998,3.319894679,3.433536823,3.369041777,3.435487289,2.256031384,2.357451634,3.571423474,2.859146154,2.649678494,3.551164969,3.507004816,3.139172972,3.461413932,3.338557018,3.505485016,2.618654132,3.495873969,3.550267052,3.037400465,3.322998717,3.470878754,2.878231779,3.559029287,2.720916338,3.517286615,2.621962341,3.211353271,3.073935351,3.565748757,3.53876498,3.431123065,3.5452566,3.537967728,3.547669967,3.558675447,2.941844274,3.571214454,3.003193799,3.343217669,3.428125523,3.554866616,3.445241288,3.507705197,3.569050176,3.044658824,3.236353072,3.566037052,2.494814971,2.045298618,3.525017762,2.863927348,2.163429668,3.387092632,2.312014732,3.290198196,3.137841744,3.293675211,3.571125956,2.174703538,2.111683584,2.4178914,3.565058934,3.374572426,3.521462615,3.520110309,3.571363797,2.693845055,3.294796521,2.407864113,3.248471285,3.556712355,3.269215463,2.698707689,3.122499374,3.14275906,2.08627033,3.531148888,3.535460371,3.416195243,2.51916521,3.387234053,3.534130816,3.557286318,3.217050448,3.567305581,3.358572039,2.169201736,3.493957532,2.545213846
8,67.63626693,28.18589083,,,8.78782782,10.83895808,9.225687026,5.673219184,9.427680295,9.043756068,11.33021015,12.26272032,8.668300809,7.86343108,8.76629624,5.230763629,6.920218078,8.011970772,10.49951828,6.354029938,8.943018714,8.361775741,8.860543635,8.774758651,5.299662109,12.4938491,5.18117097,8.861799604,5.409504672,8.466815436,8.02639478,5.762720921,5.776260472,5.835544113,9.470201462,10.09747176,12.08460533,5.439665683,7.796318051,8.104487856,9.927470578,8.565123133,8.384224618,6.451638991,12.30885649,8.008457301,9.802420983,4.624640109,10.62978535,12.64618275,5.576469201,8.606829767,4.188984457,7.37006689,8.931165173,9.120551343,8.252891098,7.281629385,8.003649276,4.586341274,7.855128332,10.69710009,8.895620675,10.01634639,9.0378155,8.619120688,7.671751528,7.816786673,10.82502174,8.405748542,6.501556004,5.221365503,6.877333992,5.739378395,8.116886863,9.649451965,7.412941469,9.533960715,8.353351055,7.129192628,8.726569107,12.05152495,9.45638344,10.59798132,8.460217448,8.322279457,8.136532124,9.512528446,9.077514052,7.841027187,9.364655283,9.765803083,11.20995599,9.822274281,5.42722566,7.899528948,6.559122916,11.55648974,8.096831582,7.585303513,10.86843319,12.82477641,7.463878183,8.841200651,6.023879307,5.254182158,5.96048262,4.894187174,5.912772753,5.99347562,4.891415783,4.013133685,6.031667834,5.977825716,6.025583759,4.508870507,5.679184154,6.001689639,5.464560951,5.377830356,6.007676346,6.032984865,6.017144041,6.024929669,4.572548198,3.757024196,4.462196267,6.017014435,4.671262661,6.035556969,6.003671156,4.965329035,4.975891855,5.021524975,5.90124416,5.671154853,4.200086375,4.697764838,5.964975959,6.013367163,5.74461825,6.035108425,6.033799437,5.43631674,3.963230317,6.001197968,5.793385655,3.890226531,5.387716336,3.579881234,4.814709667,6.034083914,3.380734998,5.853321595,6.009156656,5.98070229,6.026991027,5.823653292,6.000519423,3.847610768,5.97630579,5.346107313,6.013354897,5.707241947,5.994393498,6.03368718,5.937714924,5.969031364,5.2634677,6.034445238,5.465174514,4.500079405,5.659565004,4.946995479,6.014746332,5.84696574,5.866900536,5.88298932,6.032642012,5.767269593,6.02838092,4.233810071,5.905047245,5.406924911,6.035488193,6.031202201,6.016841586,5.889255164,5.988068217,5.973679262,5.928910177,5.806820365,4.986591221,5.785941532,4.686865408,5.984204931,5.497570878,4.701124355,6.012493604,5.916190048,5.234360606,3.363758432,5.882350226,6.019083159
9,60.80409893,28.61998456,,,13.59344443,17.55707744,17.24914561,13.87212597,15.81204018,15.04582019,9.198750031,16.6786175,10.86634481,15.18559816,14.44788366,15.69388125,13.95154301,15.09438939,9.633051544,16.96707992,14.66335755,17.41961424,20.60604636,15.61583626,12.79240318,16.00378876,11.90950026,14.70773013,12.96378147,11.83822349,19.75254093,13.25027665,10.87812243,9.58737978,9.463097863,15.26811724,19.2511628,12.87005295,12.47331466,18.90776376,18.67830738,15.04773596,9.983948652,14.25082887,9.162828514,13.48509714,16.94378665,12.7055005,13.60129868,16.09070506,13.45534595,13.47609578,18.81075601,14.0953453,19.37573998,15.3819124,16.10717347,15.3405137,15.0313107,14.31926762,11.41612963,18.25664074,17.03230995,11.98944954,17.99699759,20.03562916,15.05842829,14.50520282,15.06511521,15.81410252,13.0853899,16.36209169,8.609288351,15.80829435,17.24407419,14.85430448,13.27128153,10.19699547,11.76038576,17.40314554,14.53926287,11.41461981,12.97474371,17.4042939,12.13419289,15.54460866,11.22127126,14.44179988,14.74033357,11.72498557,14.23350761,18.41312316,17.90025597,8.341909633,9.946248676,20.61142167,19.31670625,17.05826622,20.81441716,14.26968544,15.68316357,14.26362281,16.34812857,13.74795164,12.775451,11.55775393,11.8131712,12.83653917,12.6469358,12.85029719,8.878106967,12.21480368,11.00664999,12.82570788,12.89246913,12.68923537,12.84988499,12.84238589,9.508973247,12.02335953,12.8890449,11.67512181,7.566599686,12.71498706,12.47630187,12.56980277,11.9341873,12.8866926,12.55571895,11.88070655,8.951544823,12.66974165,11.01885755,9.445166082,9.268516694,12.80857084,9.668064583,12.51332466,12.30607808,10.11737409,10.39882107,12.8499979,9.979325746,12.88398768,8.823514361,12.74571031,12.03970097,12.4328245,12.77747656,12.53137963,12.73695685,12.74308859,10.23819752,12.86946494,9.496737089,12.78174722,12.52385621,12.79193382,12.85252985,12.88819083,11.53424907,10.87680719,11.97677233,11.99244806,11.14585826,8.51525854,12.84830826,12.89285328,12.84723497,12.64616208,12.60698261,12.39751636,7.93564518,12.64833798,11.81715098,12.87492405,12.6771787,10.247736,11.82064483,11.68882085,12.89263692,11.53291844,12.56051332,11.68786814,12.09327953,12.73697039,11.35713398,12.89237325,12.88460568,11.79275642,12.88271169,10.70535245,11.24117991,7.475417576,9.930478411,7.557217889,9.578477278,11.95789628,7.196876557,12.88527931,12.69287485,12.88487512,12.40491726,12.81206047
10,55.63325381,30.23920054,,,7.91430371,13.62453699,9.988192052,13.48713654,10.84510338,14.40663682,12.8377744,13.34566823,9.397846339,10.57859928,12.44755067,11.08771853,12.74431163,11.90335757,14.90253262,10.24958316,13.33176475,15.45744531,14.8998084,15.35506598,11.62833193,15.13033978,12.50300753,10.56425875,15.26667918,15.17652108,10.26498782,11.0972088,10.36389156,15.6422788,11.3107537,12.2341502,11.27400985,13.89363708,11.75417776,10.10072526,11.06640065,11.11080821,12.77266323,8.644055658,14.56341198,13.07225179,11.68902726,13.92505604,7.940087297,7.872735578,14.38178133,11.42312595,8.325195392,8.086323511,11.20105531,12.39602326,11.57173564,11.93085222,11.73335191,11.70579627,13.4585446,11.19645865,11.98717494,14.56514464,11.10160165,7.690021034,11.87491662,15.40377205,11.58495436,13.7809661,13.43906307,13.18323993,11.37833231,14.88949254,13.40197801,12.24001281,7.687995201,12.59226096,12.59871091,10.3467558,12.72157522,14.29409113,7.570852832,11.99417043,7.856281477,11.81768188,11.54986073,14.73141736,12.79979478,9.364260584,8.156174665,12.65772476,12.31129249,9.499541324,8.144099933,15.12251599,10.16263776,10.5792118,13.95228062,8.13777816,10.84739325,11.42142427,10.49734697,10.69278214,4.198968873,5.390906081,5.709205247,5.471612623,5.974444346,4.82878034,5.78005138,5.549072685,5.404421426,5.914431531,5.907449674,6.011431998,5.814526939,6.01247181,4.381824539,5.812351104,5.556376843,3.798375231,4.384471837,3.912638042,6.033361559,4.152947579,5.891996557,5.910626902,4.008875417,4.104741818,5.817820701,6.012537035,5.851322517,3.584503768,6.030597977,5.958717641,6.02841835,5.217214501,6.026484809,5.756004313,6.008855943,6.014075679,5.804332616,4.870511702,4.695072431,5.682574902,6.030609813,5.195586169,4.225288792,4.156136116,4.84933377,6.034870054,4.595802243,4.370973261,6.022947439,5.921020331,6.034979143,6.009195195,6.027935269,6.029663985,5.487729006,6.022551807,6.001808654,4.693555473,6.013039822,3.962008612,6.015633933,3.858651967,6.034683251,5.292456233,5.498576345,5.630957622,6.033599567,4.394477187,5.518925663,5.957483005,3.959802773,5.865280856,5.863262047,5.845718259,5.822536284,4.920436394,3.830257504,6.000827941,4.139045047,6.021296889,6.03535913,4.54399169,5.794361932,5.384088164,4.438404589,5.844239055,5.941686356,5.464023584,4.42684782,4.161053989,5.780208892,5.914592728,5.176617106,4.420780614,5.974872062,6.034832265,5.89209813,5.942628476
11,60.23761848,29.58468922,,,,,,,,,,,,,,,,,,,,,,,,,,,,,,,,,,,,,,,,,,,,,,,,,,,,,,,,,,,,,,,,,,,,,,,,,,,,,,,,,,,,,,,,,,,,,,,,,,,,,,,,,,,,,,,,,,,,,,,,,,,,,,,,,,,,,,,,,,,,,,,,,,,,,,,,,,,,,,,,,,,,,,,,,,,,,,,,,,,,,,,,,,,,,,,,,,,,,,,,,,
12,49.70795705,27.10819926,,,,,,,,,,,,,,,,,,,,,,,,,,,,,,,,,,,,,,,,,,,,,,,,,,,,,,,,,,,,,,,,,,,,,,,,,,,,,,,,,,,,,,,,,,,,,,,,,,,,,,,,,,,,,,,,,,,,,,,,,,,,,,,,,,,,,,,,,,,,,,,,,,,,,,,,,,,,,,,,,,,,,,,,,,,,,,,,,,,,,,,,,,,,,,,,,,,,,,,,,,
13,51.89912619,30.04263651,,,,,,,,,,,,,,,,,,,,,,,,,,,,,,,,,,,,,,,,,,,,,,,,,,,,,,,,,,,,,,,,,,,,,,,,,,,,,,,,,,,,,,,,,,,,,,,,,,,,,,,,,,,,,,,,,,,,,,,,,,,,,,,,,,,,,,,,,,,,,,,,,,,,,,,,,,,,,,,,,,,,,,,,,,,,,,,,,,,,,,,,,,,,,,,,,,,,,,,,,,
14,60.5656601,31.57685224,,,,,,,,,,,,,,,,,,,,,,,,,,,,,,,,,,,,,,,,,,,,,,,,,,,,,,,,,,,,,,,,,,,,,,,,,,,,,,,,,,,,,,,,,,,,,,,,,,,,,,,,,,,,,,,,,,,,,,,,,,,,,,,,,,,,,,,,,,,,,,,,,,,,,,,,,,,,,,,,,,,,,,,,,,,,,,,,,,,,,,,,,,,,,,,,,,,,,,,,,,
15,63.74018741,31.85831781,,,,,,,,,,,,,,,,,,,,,,,,,,,,,,,,,,,,,,,,,,,,,,,,,,,,,,,,,,,,,,,,,,,,,,,,,,,,,,,,,,,,,,,,,,,,,,,,,,,,,,,,,,,,,,,,,,,,,,,,,,,,,,,,,,,,,,,,,,,,,,,,,,,,,,,,,,,,,,,,,,,,,,,,,,,,,,,,,,,,,,,,,,,,,,,,,,,,,,,,,,
16,56.18406965,30.5849988,,,,,,,,,,,,,,,,,,,,,,,,,,,,,,,,,,,,,,,,,,,,,,,,,,,,,,,,,,,,,,,,,,,,,,,,,,,,,,,,,,,,,,,,,,,,,,,,,,,,,,,,,,,,,,,,,,,,,,,,,,,,,,,,,,,,,,,,,,,,,,,,,,,,,,,,,,,,,,,,,,,,,,,,,,,,,,,,,,,,,,,,,,,,,,,,,,,,,,,,,,
17,64.39274692,31.61929576,,,,,,,,,,,,,,,,,,,,,,,,,,,,,,,,,,,,,,,,,,,,,,,,,,,,,,,,,,,,,,,,,,,,,,,,,,,,,,,,,,,,,,,,,,,,,,,,,,,,,,,,,,,,,,,,,,,,,,,,,,,,,,,,,,,,,,,,,,,,,,,,,,,,,,,,,,,,,,,,,,,,,,,,,,,,,,,,,,,,,,,,,,,,,,,,,,,,,,,,,,
18,62.16791164,29.95272444,,,,,,,,,,,,,,,,,,,,,,,,,,,,,,,,,,,,,,,,,,,,,,,,,,,,,,,,,,,,,,,,,,,,,,,,,,,,,,,,,,,,,,,,,,,,,,,,,,,,,,,,,,,,,,,,,,,,,,,,,,,,,,,,,,,,,,,,,,,,,,,,,,,,,,,,,,,,,,,,,,,,,,,,,,,,,,,,,,,,,,,,,,,,,,,,,,,,,,,,,,
19,57.74554682,32.95693544,,,,,,,,,,,,,,,,,,,,,,,,,,,,,,,,,,,,,,,,,,,,,,,,,,,,,,,,,,,,,,,,,,,,,,,,,,,,,,,,,,,,,,,,,,,,,,,,,,,,,,,,,,,,,,,,,,,,,,,,,,,,,,,,,,,,,,,,,,,,,,,,,,,,,,,,,,,,,,,,,,,,,,,,,,,,,,,,,,,,,,,,,,,,,,,,,,,,,,,,,,
20,56.00793001,32.4279826,,,,,,,,,,,,,,,,,,,,,,,,,,,,,,,,,,,,,,,,,,,,,,,,,,,,,,,,,,,,,,,,,,,,,,,,,,,,,,,,,,,,,,,,,,,,,,,,,,,,,,,,,,,,,,,,,,,,,,,,,,,,,,,,,,,,,,,,,,,,,,,,,,,,,,,,,,,,,,,,,,,,,,,,,,,,,,,,,,,,,,,,,,,,,,,,,,,,,,,,,,
21,48.42250467,29.9940172,,,,,,,,,,,,,,,,,,,,,,,,,,,,,,,,,,,,,,,,,,,,,,,,,,,,,,,,,,,,,,,,,,,,,,,,,,,,,,,,,,,,,,,,,,,,,,,,,,,,,,,,,,,,,,,,,,,,,,,,,,,,,,,,,,,,,,,,,,,,,,,,,,,,,,,,,,,,,,,,,,,,,,,,,,,,,,,,,,,,,,,,,,,,,,,,,,,,,,,,,,
22,60.50440584,26.62096308,,,,,,,,,,,,,,,,,,,,,,,,,,,,,,,,,,,,,,,,,,,,,,,,,,,,,,,,,,,,,,,,,,,,,,,,,,,,,,,,,,,,,,,,,,,,,,,,,,,,,,,,,,,,,,,,,,,,,,,,,,,,,,,,,,,,,,,,,,,,,,,,,,,,,,,,,,,,,,,,,,,,,,,,,,,,,,,,,,,,,,,,,,,,,,,,,,,,,,,,,,
23,57.00674947,29.64757527,,,,,,,,,,,,,,,,,,,,,,,,,,,,,,,,,,,,,,,,,,,,,,,,,,,,,,,,,,,,,,,,,,,,,,,,,,,,,,,,,,,,,,,,,,,,,,,,,,,,,,,,,,,,,,,,,,,,,,,,,,,,,,,,,,,,,,,,,,,,,,,,,,,,,,,,,,,,,,,,,,,,,,,,,,,,,,,,,,,,,,,,,,,,,,,,,,,,,,,,,,
24,60.96962001,29.1360612,,,,,,,,,,,,,,,,,,,,,,,,,,,,,,,,,,,,,,,,,,,,,,,,,,,,,,,,,,,,,,,,,,,,,,,,,,,,,,,,,,,,,,,,,,,,,,,,,,,,,,,,,,,,,,,,,,,,,,,,,,,,,,,,,,,,,,,,,,,,,,,,,,,,,,,,,,,,,,,,,,,,,,,,,,,,,,,,,,,,,,,,,,,,,,,,,,,,,,,,,,
25,49.44774915,29.55737003,,,,,,,,,,,,,,,,,,,,,,,,,,,,,,,,,,,,,,,,,,,,,,,,,,,,,,,,,,,,,,,,,,,,,,,,,,,,,,,,,,,,,,,,,,,,,,,,,,,,,,,,,,,,,,,,,,,,,,,,,,,,,,,,,,,,,,,,,,,,,,,,,,,,,,,,,,,,,,,,,,,,,,,,,,,,,,,,,,,,,,,,,,,,,,,,,,,,,,,,,,
26,60.41930026,30.87765454,,,,,,,,,,,,,,,,,,,,,,,,,,,,,,,,,,,,,,,,,,,,,,,,,,,,,,,,,,,,,,,,,,,,,,,,,,,,,,,,,,,,,,,,,,,,,,,,,,,,,,,,,,,,,,,,,,,,,,,,,,,,,,,,,,,,,,,,,,,,,,,,,,,,,,,,,,,,,,,,,,,,,,,,,,,,,,,,,,,,,,,,,,,,,,,,,,,,,,,,,,
27,55.19076589,31.70017463,,,,,,,,,,,,,,,,,,,,,,,,,,,,,,,,,,,,,,,,,,,,,,,,,,,,,,,,,,,,,,,,,,,,,,,,,,,,,,,,,,,,,,,,,,,,,,,,,,,,,,,,,,,,,,,,,,,,,,,,,,,,,,,,,,,,,,,,,,,,,,,,,,,,,,,,,,,,,,,,,,,,,,,,,,,,,,,,,,,,,,,,,,,,,,,,,,,,,,,,,,
28,44.71921378,27.84329455,,,,,,,,,,,,,,,,,,,,,,,,,,,,,,,,,,,,,,,,,,,,,,,,,,,,,,,,,,,,,,,,,,,,,,,,,,,,,,,,,,,,,,,,,,,,,,,,,,,,,,,,,,,,,,,,,,,,,,,,,,,,,,,,,,,,,,,,,,,,,,,,,,,,,,,,,,,,,,,,,,,,,,,,,,,,,,,,,,,,,,,,,,,,,,,,,,,,,,,,,,
29,52.85511405,31.08490393,,,,,,,,,,,,,,,,,,,,,,,,,,,,,,,,,,,,,,,,,,,,,,,,,,,,,,,,,,,,,,,,,,,,,,,,,,,,,,,,,,,,,,,,,,,,,,,,,,,,,,,,,,,,,,,,,,,,,,,,,,,,,,,,,,,,,,,,,,,,,,,,,,,,,,,,,,,,,,,,,,,,,,,,,,,,,,,,,,,,,,,,,,,,,,,,,,,,,,,,,,
30,53.3094148,30.2572856,,,,,,,,,,,,,,,,,,,,,,,,,,,,,,,,,,,,,,,,,,,,,,,,,,,,,,,,,,,,,,,,,,,,,,,,,,,,,,,,,,,,,,,,,,,,,,,,,,,,,,,,,,,,,,,,,,,,,,,,,,,,,,,,,,,,,,,,,,,,,,,,,,,,,,,,,,,,,,,,,,,,,,,,,,,,,,,,,,,,,,,,,,,,,,,,,,,,,,,,,,
31,56.98941164,32.36305343,,,,,,,,,,,,,,,,,,,,,,,,,,,,,,,,,,,,,,,,,,,,,,,,,,,,,,,,,,,,,,,,,,,,,,,,,,,,,,,,,,,,,,,,,,,,,,,,,,,,,,,,,,,,,,,,,,,,,,,,,,,,,,,,,,,,,,,,,,,,,,,,,,,,,,,,,,,,,,,,,,,,,,,,,,,,,,,,,,,,,,,,,,,,,,,,,,,,,,,,,,
32,59.12569842,31.54303174,,,,,,,,,,,,,,,,,,,,,,,,,,,,,,,,,,,,,,,,,,,,,,,,,,,,,,,,,,,,,,,,,,,,,,,,,,,,,,,,,,,,,,,,,,,,,,,,,,,,,,,,,,,,,,,,,,,,,,,,,,,,,,,,,,,,,,,,,,,,,,,,,,,,,,,,,,,,,,,,,,,,,,,,,,,,,,,,,,,,,,,,,,,,,,,,,,,,,,,,,,
33,67.35445889,29.66188419,,,,,,,,,,,,,,,,,,,,,,,,,,,,,,,,,,,,,,,,,,,,,,,,,,,,,,,,,,,,,,,,,,,,,,,,,,,,,,,,,,,,,,,,,,,,,,,,,,,,,,,,,,,,,,,,,,,,,,,,,,,,,,,,,,,,,,,,,,,,,,,,,,,,,,,,,,,,,,,,,,,,,,,,,,,,,,,,,,,,,,,,,,,,,,,,,,,,,,,,,,
34,53.69848839,30.59560715,,,,,,,,,,,,,,,,,,,,,,,,,,,,,,,,,,,,,,,,,,,,,,,,,,,,,,,,,,,,,,,,,,,,,,,,,,,,,,,,,,,,,,,,,,,,,,,,,,,,,,,,,,,,,,,,,,,,,,,,,,,,,,,,,,,,,,,,,,,,,,,,,,,,,,,,,,,,,,,,,,,,,,,,,,,,,,,,,,,,,,,,,,,,,,,,,,,,,,,,,,
35,63.22384929,31.41988014,,,,,,,,,,,,,,,,,,,,,,,,,,,,,,,,,,,,,,,,,,,,,,,,,,,,,,,,,,,,,,,,,,,,,,,,,,,,,,,,,,,,,,,,,,,,,,,,,,,,,,,,,,,,,,,,,,,,,,,,,,,,,,,,,,,,,,,,,,,,,,,,,,,,,,,,,,,,,,,,,,,,,,,,,,,,,,,,,,,,,,,,,,,,,,,,,,,,,,,,,,
36,55.61709612,31.77663043,,,,,,,,,,,,,,,,,,,,,,,,,,,,,,,,,,,,,,,,,,,,,,,,,,,,,,,,,,,,,,,,,,,,,,,,,,,,,,,,,,,,,,,,,,,,,,,,,,,,,,,,,,,,,,,,,,,,,,,,,,,,,,,,,,,,,,,,,,,,,,,,,,,,,,,,,,,,,,,,,,,,,,,,,,,,,,,,,,,,,,,,,,,,,,,,,,,,,,,,,,
37,62.30770907,28.58316861,,,,,,,,,,,,,,,,,,,,,,,,,,,,,,,,,,,,,,,,,,,,,,,,,,,,,,,,,,,,,,,,,,,,,,,,,,,,,,,,,,,,,,,,,,,,,,,,,,,,,,,,,,,,,,,,,,,,,,,,,,,,,,,,,,,,,,,,,,,,,,,,,,,,,,,,,,,,,,,,,,,,,,,,,,,,,,,,,,,,,,,,,,,,,,,,,,,,,,,,,,
38,58.34878749,31.55009096,,,,,,,,,,,,,,,,,,,,,,,,,,,,,,,,,,,,,,,,,,,,,,,,,,,,,,,,,,,,,,,,,,,,,,,,,,,,,,,,,,,,,,,,,,,,,,,,,,,,,,,,,,,,,,,,,,,,,,,,,,,,,,,,,,,,,,,,,,,,,,,,,,,,,,,,,,,,,,,,,,,,,,,,,,,,,,,,,,,,,,,,,,,,,,,,,,,,,,,,,,
39,59.13281142,31.71354826,,,,,,,,,,,,,,,,,,,,,,,,,,,,,,,,,,,,,,,,,,,,,,,,,,,,,,,,,,,,,,,,,,,,,,,,,,,,,,,,,,,,,,,,,,,,,,,,,,,,,,,,,,,,,,,,,,,,,,,,,,,,,,,,,,,,,,,,,,,,,,,,,,,,,,,,,,,,,,,,,,,,,,,,,,,,,,,,,,,,,,,,,,,,,,,,,,,,,,,,,,
40,52.44703019,31.80398844,,,,,,,,,,,,,,,,,,,,,,,,,,,,,,,,,,,,,,,,,,,,,,,,,,,,,,,,,,,,,,,,,,,,,,,,,,,,,,,,,,,,,,,,,,,,,,,,,,,,,,,,,,,,,,,,,,,,,,,,,,,,,,,,,,,,,,,,,,,,,,,,,,,,,,,,,,,,,,,,,,,,,,,,,,,,,,,,,,,,,,,,,,,,,,,,,,,,,,,,,,
41,62.33643613,29.52600632,,,,,,,,,,,,,,,,,,,,,,,,,,,,,,,,,,,,,,,,,,,,,,,,,,,,,,,,,,,,,,,,,,,,,,,,,,,,,,,,,,,,,,,,,,,,,,,,,,,,,,,,,,,,,,,,,,,,,,,,,,,,,,,,,,,,,,,,,,,,,,,,,,,,,,,,,,,,,,,,,,,,,,,,,,,,,,,,,,,,,,,,,,,,,,,,,,,,,,,,,,
42,59.74084527,32.56256773,,,,,,,,,,,,,,,,,,,,,,,,,,,,,,,,,,,,,,,,,,,,,,,,,,,,,,,,,,,,,,,,,,,,,,,,,,,,,,,,,,,,,,,,,,,,,,,,,,,,,,,,,,,,,,,,,,,,,,,,,,,,,,,,,,,,,,,,,,,,,,,,,,,,,,,,,,,,,,,,,,,,,,,,,,,,,,,,,,,,,,,,,,,,,,,,,,,,,,,,,,
43,61.63749851,28.58467562,,,,,,,,,,,,,,,,,,,,,,,,,,,,,,,,,,,,,,,,,,,,,,,,,,,,,,,,,,,,,,,,,,,,,,,,,,,,,,,,,,,,,,,,,,,,,,,,,,,,,,,,,,,,,,,,,,,,,,,,,,,,,,,,,,,,,,,,,,,,,,,,,,,,,,,,,,,,,,,,,,,,,,,,,,,,,,,,,,,,,,,,,,,,,,,,,,,,,,,,,,
44,55.10435779,28.08311721,,,,,,,,,,,,,,,,,,,,,,,,,,,,,,,,,,,,,,,,,,,,,,,,,,,,,,,,,,,,,,,,,,,,,,,,,,,,,,,,,,,,,,,,,,,,,,,,,,,,,,,,,,,,,,,,,,,,,,,,,,,,,,,,,,,,,,,,,,,,,,,,,,,,,,,,,,,,,,,,,,,,,,,,,,,,,,,,,,,,,,,,,,,,,,,,,,,,,,,,,,
45,58.20755834,31.63352575,,,,,,,,,,,,,,,,,,,,,,,,,,,,,,,,,,,,,,,,,,,,,,,,,,,,,,,,,,,,,,,,,,,,,,,,,,,,,,,,,,,,,,,,,,,,,,,,,,,,,,,,,,,,,,,,,,,,,,,,,,,,,,,,,,,,,,,,,,,,,,,,,,,,,,,,,,,,,,,,,,,,,,,,,,,,,,,,,,,,,,,,,,,,,,,,,,,,,,,,,,
46,64.94515167,26.80355404,,,,,,,,,,,,,,,,,,,,,,,,,,,,,,,,,,,,,,,,,,,,,,,,,,,,,,,,,,,,,,,,,,,,,,,,,,,,,,,,,,,,,,,,,,,,,,,,,,,,,,,,,,,,,,,,,,,,,,,,,,,,,,,,,,,,,,,,,,,,,,,,,,,,,,,,,,,,,,,,,,,,,,,,,,,,,,,,,,,,,,,,,,,,,,,,,,,,,,,,,,
47,58.14057177,30.68852753,,,,,,,,,,,,,,,,,,,,,,,,,,,,,,,,,,,,,,,,,,,,,,,,,,,,,,,,,,,,,,,,,,,,,,,,,,,,,,,,,,,,,,,,,,,,,,,,,,,,,,,,,,,,,,,,,,,,,,,,,,,,,,,,,,,,,,,,,,,,,,,,,,,,,,,,,,,,,,,,,,,,,,,,,,,,,,,,,,,,,,,,,,,,,,,,,,,,,,,,,,
48,59.5292171,32.00260305,,,,,,,,,,,,,,,,,,,,,,,,,,,,,,,,,,,,,,,,,,,,,,,,,,,,,,,,,,,,,,,,,,,,,,,,,,,,,,,,,,,,,,,,,,,,,,,,,,,,,,,,,,,,,,,,,,,,,,,,,,,,,,,,,,,,,,,,,,,,,,,,,,,,,,,,,,,,,,,,,,,,,,,,,,,,,,,,,,,,,,,,,,,,,,,,,,,,,,,,,,
49,61.09921404,28.21817311,,,,,,,,,,,,,,,,,,,,,,,,,,,,,,,,,,,,,,,,,,,,,,,,,,,,,,,,,,,,,,,,,,,,,,,,,,,,,,,,,,,,,,,,,,,,,,,,,,,,,,,,,,,,,,,,,,,,,,,,,,,,,,,,,,,,,,,,,,,,,,,,,,,,,,,,,,,,,,,,,,,,,,,,,,,,,,,,,,,,,,,,,,,,,,,,,,,,,,,,,,
50,54.34767343,29.94435028,,,,,,,,,,,,,,,,,,,,,,,,,,,,,,,,,,,,,,,,,,,,,,,,,,,,,,,,,,,,,,,,,,,,,,,,,,,,,,,,,,,,,,,,,,,,,,,,,,,,,,,,,,,,,,,,,,,,,,,,,,,,,,,,,,,,,,,,,,,,,,,,,,,,,,,,,,,,,,,,,,,,,,,,,,,,,,,,,,,,,,,,,,,,,,,,,,,,,,,,,,
51,62.73084408,31.85749365,,,,,,,,,,,,,,,,,,,,,,,,,,,,,,,,,,,,,,,,,,,,,,,,,,,,,,,,,,,,,,,,,,,,,,,,,,,,,,,,,,,,,,,,,,,,,,,,,,,,,,,,,,,,,,,,,,,,,,,,,,,,,,,,,,,,,,,,,,,,,,,,,,,,,,,,,,,,,,,,,,,,,,,,,,,,,,,,,,,,,,,,,,,,,,,,,,,,,,,,,,
52,57.77491831,31.87519108,,,,,,,,,,,,,,,,,,,,,,,,,,,,,,,,,,,,,,,,,,,,,,,,,,,,,,,,,,,,,,,,,,,,,,,,,,,,,,,,,,,,,,,,,,,,,,,,,,,,,,,,,,,,,,,,,,,,,,,,,,,,,,,,,,,,,,,,,,,,,,,,,,,,,,,,,,,,,,,,,,,,,,,,,,,,,,,,,,,,,,,,,,,,,,,,,,,,,,,,,,
53,54.14351766,30.79765379,,,,,,,,,,,,,,,,,,,,,,,,,,,,,,,,,,,,,,,,,,,,,,,,,,,,,,,,,,,,,,,,,,,,,,,,,,,,,,,,,,,,,,,,,,,,,,,,,,,,,,,,,,,,,,,,,,,,,,,,,,,,,,,,,,,,,,,,,,,,,,,,,,,,,,,,,,,,,,,,,,,,,,,,,,,,,,,,,,,,,,,,,,,,,,,,,,,,,,,,,,
54,53.01447037,28.63505079,,,,,,,,,,,,,,,,,,,,,,,,,,,,,,,,,,,,,,,,,,,,,,,,,,,,,,,,,,,,,,,,,,,,,,,,,,,,,,,,,,,,,,,,,,,,,,,,,,,,,,,,,,,,,,,,,,,,,,,,,,,,,,,,,,,,,,,,,,,,,,,,,,,,,,,,,,,,,,,,,,,,,,,,,,,,,,,,,,,,,,,,,,,,,,,,,,,,,,,,,,
55,56.27120905,28.29886461,,,,,,,,,,,,,,,,,,,,,,,,,,,,,,,,,,,,,,,,,,,,,,,,,,,,,,,,,,,,,,,,,,,,,,,,,,,,,,,,,,,,,,,,,,,,,,,,,,,,,,,,,,,,,,,,,,,,,,,,,,,,,,,,,,,,,,,,,,,,,,,,,,,,,,,,,,,,,,,,,,,,,,,,,,,,,,,,,,,,,,,,,,,,,,,,,,,,,,,,,,
56,59.73304263,27.33061402,,,,,,,,,,,,,,,,,,,,,,,,,,,,,,,,,,,,,,,,,,,,,,,,,,,,,,,,,,,,,,,,,,,,,,,,,,,,,,,,,,,,,,,,,,,,,,,,,,,,,,,,,,,,,,,,,,,,,,,,,,,,,,,,,,,,,,,,,,,,,,,,,,,,,,,,,,,,,,,,,,,,,,,,,,,,,,,,,,,,,,,,,,,,,,,,,,,,,,,,,,
57,59.59688768,28.45860403,,,,,,,,,,,,,,,,,,,,,,,,,,,,,,,,,,,,,,,,,,,,,,,,,,,,,,,,,,,,,,,,,,,,,,,,,,,,,,,,,,,,,,,,,,,,,,,,,,,,,,,,,,,,,,,,,,,,,,,,,,,,,,,,,,,,,,,,,,,,,,,,,,,,,,,,,,,,,,,,,,,,,,,,,,,,,,,,,,,,,,,,,,,,,,,,,,,,,,,,,,
58,54.18883173,29.48645483,,,,,,,,,,,,,,,,,,,,,,,,,,,,,,,,,,,,,,,,,,,,,,,,,,,,,,,,,,,,,,,,,,,,,,,,,,,,,,,,,,,,,,,,,,,,,,,,,,,,,,,,,,,,,,,,,,,,,,,,,,,,,,,,,,,,,,,,,,,,,,,,,,,,,,,,,,,,,,,,,,,,,,,,,,,,,,,,,,,,,,,,,,,,,,,,,,,,,,,,,,
59,52.14317072,29.65281008,,,,,,,,,,,,,,,,,,,,,,,,,,,,,,,,,,,,,,,,,,,,,,,,,,,,,,,,,,,,,,,,,,,,,,,,,,,,,,,,,,,,,,,,,,,,,,,,,,,,,,,,,,,,,,,,,,,,,,,,,,,,,,,,,,,,,,,,,,,,,,,,,,,,,,,,,,,,,,,,,,,,,,,,,,,,,,,,,,,,,,,,,,,,,,,,,,,,,,,,,,
60,65.97238226,27.93671222,,,,,,,,,,,,,,,,,,,,,,,,,,,,,,,,,,,,,,,,,,,,,,,,,,,,,,,,,,,,,,,,,,,,,,,,,,,,,,,,,,,,,,,,,,,,,,,,,,,,,,,,,,,,,,,,,,,,,,,,,,,,,,,,,,,,,,,,,,,,,,,,,,,,,,,,,,,,,,,,,,,,,,,,,,,,,,,,,,,,,,,,,,,,,,,,,,,,,,,,,,
61,67.4812348,28.44366011,,,,,,,,,,,,,,,,,,,,,,,,,,,,,,,,,,,,,,,,,,,,,,,,,,,,,,,,,,,,,,,,,,,,,,,,,,,,,,,,,,,,,,,,,,,,,,,,,,,,,,,,,,,,,,,,,,,,,,,,,,,,,,,,,,,,,,,,,,,,,,,,,,,,,,,,,,,,,,,,,,,,,,,,,,,,,,,,,,,,,,,,,,,,,,,,,,,,,,,,,,
62,54.73316348,32.1766492,,,,,,,,,,,,,,,,,,,,,,,,,,,,,,,,,,,,,,,,,,,,,,,,,,,,,,,,,,,,,,,,,,,,,,,,,,,,,,,,,,,,,,,,,,,,,,,,,,,,,,,,,,,,,,,,,,,,,,,,,,,,,,,,,,,,,,,,,,,,,,,,,,,,,,,,,,,,,,,,,,,,,,,,,,,,,,,,,,,,,,,,,,,,,,,,,,,,,,,,,,
63,55.51846056,32.38953894,,,,,,,,,,,,,,,,,,,,,,,,,,,,,,,,,,,,,,,,,,,,,,,,,,,,,,,,,,,,,,,,,,,,,,,,,,,,,,,,,,,,,,,,,,,,,,,,,,,,,,,,,,,,,,,,,,,,,,,,,,,,,,,,,,,,,,,,,,,,,,,,,,,,,,,,,,,,,,,,,,,,,,,,,,,,,,,,,,,,,,,,,,,,,,,,,,,,,,,,,,
64,60.33365079,30.30969611,,,,,,,,,,,,,,,,,,,,,,,,,,,,,,,,,,,,,,,,,,,,,,,,,,,,,,,,,,,,,,,,,,,,,,,,,,,,,,,,,,,,,,,,,,,,,,,,,,,,,,,,,,,,,,,,,,,,,,,,,,,,,,,,,,,,,,,,,,,,,,,,,,,,,,,,,,,,,,,,,,,,,,,,,,,,,,,,,,,,,,,,,,,,,,,,,,,,,,,,,,
65,56.43932626,31.32434161,,,,,,,,,,,,,,,,,,,,,,,,,,,,,,,,,,,,,,,,,,,,,,,,,,,,,,,,,,,,,,,,,,,,,,,,,,,,,,,,,,,,,,,,,,,,,,,,,,,,,,,,,,,,,,,,,,,,,,,,,,,,,,,,,,,,,,,,,,,,,,,,,,,,,,,,,,,,,,,,,,,,,,,,,,,,,,,,,,,,,,,,,,,,,,,,,,,,,,,,,,
66,58.04051783,28.51118469,,,,,,,,,,,,,,,,,,,,,,,,,,,,,,,,,,,,,,,,,,,,,,,,,,,,,,,,,,,,,,,,,,,,,,,,,,,,,,,,,,,,,,,,,,,,,,,,,,,,,,,,,,,,,,,,,,,,,,,,,,,,,,,,,,,,,,,,,,,,,,,,,,,,,,,,,,,,,,,,,,,,,,,,,,,,,,,,,,,,,,,,,,,,,,,,,,,,,,,,,,
67,57.05093251,32.12496593,,,,,,,,,,,,,,,,,,,,,,,,,,,,,,,,,,,,,,,,,,,,,,,,,,,,,,,,,,,,,,,,,,,,,,,,,,,,,,,,,,,,,,,,,,,,,,,,,,,,,,,,,,,,,,,,,,,,,,,,,,,,,,,,,,,,,,,,,,,,,,,,,,,,,,,,,,,,,,,,,,,,,,,,,,,,,,,,,,,,,,,,,,,,,,,,,,,,,,,,,,
68,55.6292315,29.41530552,,,,,,,,,,,,,,,,,,,,,,,,,,,,,,,,,,,,,,,,,,,,,,,,,,,,,,,,,,,,,,,,,,,,,,,,,,,,,,,,,,,,,,,,,,,,,,,,,,,,,,,,,,,,,,,,,,,,,,,,,,,,,,,,,,,,,,,,,,,,,,,,,,,,,,,,,,,,,,,,,,,,,,,,,,,,,,,,,,,,,,,,,,,,,,,,,,,,,,,,,,
69,53.82835226,32.32766473,,,,,,,,,,,,,,,,,,,,,,,,,,,,,,,,,,,,,,,,,,,,,,,,,,,,,,,,,,,,,,,,,,,,,,,,,,,,,,,,,,,,,,,,,,,,,,,,,,,,,,,,,,,,,,,,,,,,,,,,,,,,,,,,,,,,,,,,,,,,,,,,,,,,,,,,,,,,,,,,,,,,,,,,,,,,,,,,,,,,,,,,,,,,,,,,,,,,,,,,,,
70,58.29333253,29.88451852,,,,,,,,,,,,,,,,,,,,,,,,,,,,,,,,,,,,,,,,,,,,,,,,,,,,,,,,,,,,,,,,,,,,,,,,,,,,,,,,,,,,,,,,,,,,,,,,,,,,,,,,,,,,,,,,,,,,,,,,,,,,,,,,,,,,,,,,,,,,,,,,,,,,,,,,,,,,,,,,,,,,,,,,,,,,,,,,,,,,,,,,,,,,,,,,,,,,,,,,,,
71,59.88446485,30.47105334,,,,,,,,,,,,,,,,,,,,,,,,,,,,,,,,,,,,,,,,,,,,,,,,,,,,,,,,,,,,,,,,,,,,,,,,,,,,,,,,,,,,,,,,,,,,,,,,,,,,,,,,,,,,,,,,,,,,,,,,,,,,,,,,,,,,,,,,,,,,,,,,,,,,,,,,,,,,,,,,,,,,,,,,,,,,,,,,,,,,,,,,,,,,,,,,,,,,,,,,,,
72,62.97096278,30.71995883,,,,,,,,,,,,,,,,,,,,,,,,,,,,,,,,,,,,,,,,,,,,,,,,,,,,,,,,,,,,,,,,,,,,,,,,,,,,,,,,,,,,,,,,,,,,,,,,,,,,,,,,,,,,,,,,,,,,,,,,,,,,,,,,,,,,,,,,,,,,,,,,,,,,,,,,,,,,,,,,,,,,,,,,,,,,,,,,,,,,,,,,,,,,,,,,,,,,,,,,,,
73,56.84356466,31.51337546,,,,,,,,,,,,,,,,,,,,,,,,,,,,,,,,,,,,,,,,,,,,,,,,,,,,,,,,,,,,,,,,,,,,,,,,,,,,,,,,,,,,,,,,,,,,,,,,,,,,,,,,,,,,,,,,,,,,,,,,,,,,,,,,,,,,,,,,,,,,,,,,,,,,,,,,,,,,,,,,,,,,,,,,,,,,,,,,,,,,,,,,,,,,,,,,,,,,,,,,,,
74,55.18587615,27.47234905,,,,,,,,,,,,,,,,,,,,,,,,,,,,,,,,,,,,,,,,,,,,,,,,,,,,,,,,,,,,,,,,,,,,,,,,,,,,,,,,,,,,,,,,,,,,,,,,,,,,,,,,,,,,,,,,,,,,,,,,,,,,,,,,,,,,,,,,,,,,,,,,,,,,,,,,,,,,,,,,,,,,,,,,,,,,,,,,,,,,,,,,,,,,,,,,,,,,,,,,,,
75,58.01184498,30.74004765,,,,,,,,,,,,,,,,,,,,,,,,,,,,,,,,,,,,,,,,,,,,,,,,,,,,,,,,,,,,,,,,,,,,,,,,,,,,,,,,,,,,,,,,,,,,,,,,,,,,,,,,,,,,,,,,,,,,,,,,,,,,,,,,,,,,,,,,,,,,,,,,,,,,,,,,,,,,,,,,,,,,,,,,,,,,,,,,,,,,,,,,,,,,,,,,,,,,,,,,,,
76,59.81844681,30.51119393,,,,,,,,,,,,,,,,,,,,,,,,,,,,,,,,,,,,,,,,,,,,,,,,,,,,,,,,,,,,,,,,,,,,,,,,,,,,,,,,,,,,,,,,,,,,,,,,,,,,,,,,,,,,,,,,,,,,,,,,,,,,,,,,,,,,,,,,,,,,,,,,,,,,,,,,,,,,,,,,,,,,,,,,,,,,,,,,,,,,,,,,,,,,,,,,,,,,,,,,,,
77,52.02863955,30.07256493,,,,,,,,,,,,,,,,,,,,,,,,,,,,,,,,,,,,,,,,,,,,,,,,,,,,,,,,,,,,,,,,,,,,,,,,,,,,,,,,,,,,,,,,,,,,,,,,,,,,,,,,,,,,,,,,,,,,,,,,,,,,,,,,,,,,,,,,,,,,,,,,,,,,,,,,,,,,,,,,,,,,,,,,,,,,,,,,,,,,,,,,,,,,,,,,,,,,,,,,,,
78,69.49255346,27.37890861,,,,,,,,,,,,,,,,,,,,,,,,,,,,,,,,,,,,,,,,,,,,,,,,,,,,,,,,,,,,,,,,,,,,,,,,,,,,,,,,,,,,,,,,,,,,,,,,,,,,,,,,,,,,,,,,,,,,,,,,,,,,,,,,,,,,,,,,,,,,,,,,,,,,,,,,,,,,,,,,,,,,,,,,,,,,,,,,,,,,,,,,,,,,,,,,,,,,,,,,,,
79,63.58062059,32.14825192,,,,,,,,,,,,,,,,,,,,,,,,,,,,,,,,,,,,,,,,,,,,,,,,,,,,,,,,,,,,,,,,,,,,,,,,,,,,,,,,,,,,,,,,,,,,,,,,,,,,,,,,,,,,,,,,,,,,,,,,,,,,,,,,,,,,,,,,,,,,,,,,,,,,,,,,,,,,,,,,,,,,,,,,,,,,,,,,,,,,,,,,,,,,,,,,,,,,,,,,,,
80,54.59701814,30.23795803,,,,,,,,,,,,,,,,,,,,,,,,,,,,,,,,,,,,,,,,,,,,,,,,,,,,,,,,,,,,,,,,,,,,,,,,,,,,,,,,,,,,,,,,,,,,,,,,,,,,,,,,,,,,,,,,,,,,,,,,,,,,,,,,,,,,,,,,,,,,,,,,,,,,,,,,,,,,,,,,,,,,,,,,,,,,,,,,,,,,,,,,,,,,,,,,,,,,,,,,,,
81,58.21904026,30.65078296,,,,,,,,,,,,,,,,,,,,,,,,,,,,,,,,,,,,,,,,,,,,,,,,,,,,,,,,,,,,,,,,,,,,,,,,,,,,,,,,,,,,,,,,,,,,,,,,,,,,,,,,,,,,,,,,,,,,,,,,,,,,,,,,,,,,,,,,,,,,,,,,,,,,,,,,,,,,,,,,,,,,,,,,,,,,,,,,,,,,,,,,,,,,,,,,,,,,,,,,,,
82,67.87393577,28.23421863,,,,,,,,,,,,,,,,,,,,,,,,,,,,,,,,,,,,,,,,,,,,,,,,,,,,,,,,,,,,,,,,,,,,,,,,,,,,,,,,,,,,,,,,,,,,,,,,,,,,,,,,,,,,,,,,,,,,,,,,,,,,,,,,,,,,,,,,,,,,,,,,,,,,,,,,,,,,,,,,,,,,,,,,,,,,,,,,,,,,,,,,,,,,,,,,,,,,,,,,,,
83,52.21228326,29.44939789,,,,,,,,,,,,,,,,,,,,,,,,,,,,,,,,,,,,,,,,,,,,,,,,,,,,,,,,,,,,,,,,,,,,,,,,,,,,,,,,,,,,,,,,,,,,,,,,,,,,,,,,,,,,,,,,,,,,,,,,,,,,,,,,,,,,,,,,,,,,,,,,,,,,,,,,,,,,,,,,,,,,,,,,,,,,,,,,,,,,,,,,,,,,,,,,,,,,,,,,,,
84,60.86743479,32.84466856,,,,,,,,,,,,,,,,,,,,,,,,,,,,,,,,,,,,,,,,,,,,,,,,,,,,,,,,,,,,,,,,,,,,,,,,,,,,,,,,,,,,,,,,,,,,,,,,,,,,,,,,,,,,,,,,,,,,,,,,,,,,,,,,,,,,,,,,,,,,,,,,,,,,,,,,,,,,,,,,,,,,,,,,,,,,,,,,,,,,,,,,,,,,,,,,,,,,,,,,,,
85,58.05908425,28.85466596,,,,,,,,,,,,,,,,,,,,,,,,,,,,,,,,,,,,,,,,,,,,,,,,,,,,,,,,,,,,,,,,,,,,,,,,,,,,,,,,,,,,,,,,,,,,,,,,,,,,,,,,,,,,,,,,,,,,,,,,,,,,,,,,,,,,,,,,,,,,,,,,,,,,,,,,,,,,,,,,,,,,,,,,,,,,,,,,,,,,,,,,,,,,,,,,,,,,,,,,,,
86,57.24277511,27.51894854,,,,,,,,,,,,,,,,,,,,,,,,,,,,,,,,,,,,,,,,,,,,,,,,,,,,,,,,,,,,,,,,,,,,,,,,,,,,,,,,,,,,,,,,,,,,,,,,,,,,,,,,,,,,,,,,,,,,,,,,,,,,,,,,,,,,,,,,,,,,,,,,,,,,,,,,,,,,,,,,,,,,,,,,,,,,,,,,,,,,,,,,,,,,,,,,,,,,,,,,,,
87,56.53141888,27.29920345,,,,,,,,,,,,,,,,,,,,,,,,,,,,,,,,,,,,,,,,,,,,,,,,,,,,,,,,,,,,,,,,,,,,,,,,,,,,,,,,,,,,,,,,,,,,,,,,,,,,,,,,,,,,,,,,,,,,,,,,,,,,,,,,,,,,,,,,,,,,,,,,,,,,,,,,,,,,,,,,,,,,,,,,,,,,,,,,,,,,,,,,,,,,,,,,,,,,,,,,,,
88,51.46016883,27.59278034,,,,,,,,,,,,,,,,,,,,,,,,,,,,,,,,,,,,,,,,,,,,,,,,,,,,,,,,,,,,,,,,,,,,,,,,,,,,,,,,,,,,,,,,,,,,,,,,,,,,,,,,,,,,,,,,,,,,,,,,,,,,,,,,,,,,,,,,,,,,,,,,,,,,,,,,,,,,,,,,,,,,,,,,,,,,,,,,,,,,,,,,,,,,,,,,,,,,,,,,,,
89,65.88544777,30.18456052,,,,,,,,,,,,,,,,,,,,,,,,,,,,,,,,,,,,,,,,,,,,,,,,,,,,,,,,,,,,,,,,,,,,,,,,,,,,,,,,,,,,,,,,,,,,,,,,,,,,,,,,,,,,,,,,,,,,,,,,,,,,,,,,,,,,,,,,,,,,,,,,,,,,,,,,,,,,,,,,,,,,,,,,,,,,,,,,,,,,,,,,,,,,,,,,,,,,,,,,,,
90,45.50068843,25.84595145,,,,,,,,,,,,,,,,,,,,,,,,,,,,,,,,,,,,,,,,,,,,,,,,,,,,,,,,,,,,,,,,,,,,,,,,,,,,,,,,,,,,,,,,,,,,,,,,,,,,,,,,,,,,,,,,,,,,,,,,,,,,,,,,,,,,,,,,,,,,,,,,,,,,,,,,,,,,,,,,,,,,,,,,,,,,,,,,,,,,,,,,,,,,,,,,,,,,,,,,,,
91,51.20592228,26.38888039,,,,,,,,,,,,,,,,,,,,,,,,,,,,,,,,,,,,,,,,,,,,,,,,,,,,,,,,,,,,,,,,,,,,,,,,,,,,,,,,,,,,,,,,,,,,,,,,,,,,,,,,,,,,,,,,,,,,,,,,,,,,,,,,,,,,,,,,,,,,,,,,,,,,,,,,,,,,,,,,,,,,,,,,,,,,,,,,,,,,,,,,,,,,,,,,,,,,,,,,,,
92,62.17821209,27.79459605,,,,,,,,,,,,,,,,,,,,,,,,,,,,,,,,,,,,,,,,,,,,,,,,,,,,,,,,,,,,,,,,,,,,,,,,,,,,,,,,,,,,,,,,,,,,,,,,,,,,,,,,,,,,,,,,,,,,,,,,,,,,,,,,,,,,,,,,,,,,,,,,,,,,,,,,,,,,,,,,,,,,,,,,,,,,,,,,,,,,,,,,,,,,,,,,,,,,,,,,,,
93,54.52835224,28.47386635,,,,,,,,,,,,,,,,,,,,,,,,,,,,,,,,,,,,,,,,,,,,,,,,,,,,,,,,,,,,,,,,,,,,,,,,,,,,,,,,,,,,,,,,,,,,,,,,,,,,,,,,,,,,,,,,,,,,,,,,,,,,,,,,,,,,,,,,,,,,,,,,,,,,,,,,,,,,,,,,,,,,,,,,,,,,,,,,,,,,,,,,,,,,,,,,,,,,,,,,,,
94,61.74746808,30.66011025,,,,,,,,,,,,,,,,,,,,,,,,,,,,,,,,,,,,,,,,,,,,,,,,,,,,,,,,,,,,,,,,,,,,,,,,,,,,,,,,,,,,,,,,,,,,,,,,,,,,,,,,,,,,,,,,,,,,,,,,,,,,,,,,,,,,,,,,,,,,,,,,,,,,,,,,,,,,,,,,,,,,,,,,,,,,,,,,,,,,,,,,,,,,,,,,,,,,,,,,,,
95,65.06995694,27.93700805,,,,,,,,,,,,,,,,,,,,,,,,,,,,,,,,,,,,,,,,,,,,,,,,,,,,,,,,,,,,,,,,,,,,,,,,,,,,,,,,,,,,,,,,,,,,,,,,,,,,,,,,,,,,,,,,,,,,,,,,,,,,,,,,,,,,,,,,,,,,,,,,,,,,,,,,,,,,,,,,,,,,,,,,,,,,,,,,,,,,,,,,,,,,,,,,,,,,,,,,,,
96,58.03773913,32.74009358,,,,,,,,,,,,,,,,,,,,,,,,,,,,,,,,,,,,,,,,,,,,,,,,,,,,,,,,,,,,,,,,,,,,,,,,,,,,,,,,,,,,,,,,,,,,,,,,,,,,,,,,,,,,,,,,,,,,,,,,,,,,,,,,,,,,,,,,,,,,,,,,,,,,,,,,,,,,,,,,,,,,,,,,,,,,,,,,,,,,,,,,,,,,,,,,,,,,,,,,,,
97,58.04835272,30.80257157,,,,,,,,,,,,,,,,,,,,,,,,,,,,,,,,,,,,,,,,,,,,,,,,,,,,,,,,,,,,,,,,,,,,,,,,,,,,,,,,,,,,,,,,,,,,,,,,,,,,,,,,,,,,,,,,,,,,,,,,,,,,,,,,,,,,,,,,,,,,,,,,,,,,,,,,,,,,,,,,,,,,,,,,,,,,,,,,,,,,,,,,,,,,,,,,,,,,,,,,,,
98,60.88149853,26.25764648,,,,,,,,,,,,,,,,,,,,,,,,,,,,,,,,,,,,,,,,,,,,,,,,,,,,,,,,,,,,,,,,,,,,,,,,,,,,,,,,,,,,,,,,,,,,,,,,,,,,,,,,,,,,,,,,,,,,,,,,,,,,,,,,,,,,,,,,,,,,,,,,,,,,,,,,,,,,,,,,,,,,,,,,,,,,,,,,,,,,,,,,,,,,,,,,,,,,,,,,,,
99,54.32270486,31.85548223,,,,,,,,,,,,,,,,,,,,,,,,,,,,,,,,,,,,,,,,,,,,,,,,,,,,,,,,,,,,,,,,,,,,,,,,,,,,,,,,,,,,,,,,,,,,,,,,,,,,,,,,,,,,,,,,,,,,,,,,,,,,,,,,,,,,,,,,,,,,,,,,,,,,,,,,,,,,,,,,,,,,,,,,,,,,,,,,,,,,,,,,,,,,,,,,,,,,,,,,,,
100,55.89843068,31.00039276,,,,,,,,,,,,,,,,,,,,,,,,,,,,,,,,,,,,,,,,,,,,,,,,,,,,,,,,,,,,,,,,,,,,,,,,,,,,,,,,,,,,,,,,,,,,,,,,,,,,,,,,,,,,,,,,,,,,,,,,,,,,,,,,,,,,,,,,,,,,,,,,,,,,,,,,,,,,,,,,,,,,,,,,,,,,,,,,,,,,,,,,,,,,,,,,,,,,,,,,,,
